replicate,num_abstracts,total_replicate_time,total_summarization_time,total_insert_time,total_loading_time,mean_total_time,mean_summarization_time,mean_insert_time,mean_loading_time
1,3,82.13431525230408,45.67931389808655,0.400458812713623,36.05454254150391,27.37810508410136,15.226437966028849,0.133486270904541,12.018180847167969
2,3,65.98094010353088,42.58727407455444,0.3104786872863769,23.083187341690063,21.99364670117696,14.19575802485148,0.1034928957621256,7.694395780563354
3,3,60.77571129798889,45.02862620353699,0.4487373828887939,15.29834771156311,20.258570432662964,15.009542067845665,0.149579127629598,5.099449237187703
4,3,56.10921406745911,51.8748574256897,0.2531843185424804,3.9811723232269287,18.703071355819706,17.291619141896565,0.0843947728474934,1.3270574410756428
5,3,48.58438992500305,44.39023733139038,0.2951247692108154,3.899027824401856,16.194796641667683,14.796745777130129,0.0983749230702718,1.2996759414672852
6,3,46.89758634567261,42.7720410823822,0.3601319789886474,3.765413284301758,15.63252878189087,14.257347027460732,0.1200439929962158,1.2551377614339192
7,3,51.96811485290527,47.92467999458313,0.2645812034606933,3.77885365486145,17.322704950968426,15.97489333152771,0.0881937344868977,1.2596178849538169
8,3,42.975481033325195,38.71309494972229,0.3790090084075928,3.8833770751953125,14.325160344441732,12.904364983240763,0.12633633613586426,1.2944590250651042
