replicate,num_abstracts,total_replicate_time,total_summarization_time,total_insert_time,total_loading_time,mean_total_time,mean_summarization_time,mean_insert_time,mean_loading_time
1,5,74.20362663269043,70.228431224823,0.3962039947509765,3.578991413116455,14.840725326538086,14.0456862449646,0.0792407989501953,0.715798282623291
2,5,75.26196503639221,71.24486351013184,0.4376592636108398,3.579442262649536,15.052393007278445,14.248972702026368,0.0875318527221679,0.7158884525299072
3,5,80.23518133163452,76.2486219406128,0.4049093723297119,3.5816500186920166,16.047036266326906,15.249724388122559,0.08098187446594238,0.7163300037384033
