total_time,summarization_time,insert_time,loading_time
13.528833508491516,13.417669932047524,0.1111114819844563,5.209445953428815e-05
14.072134852409365,13.984718322753906,0.087371031443278,4.549821217854355e-05
13.58107578754425,13.475499590237936,0.1055217186609904,5.4478645324110286e-05
12.657811522483826,12.563941955566406,0.0938196579615275,4.990895589192246e-05
7.0050175587336225,6.9405427773793535,0.06444501876831055,2.976258595843717e-05
