replicate,num_abstracts,total_replicate_time,total_summarization_time,total_insert_time,total_loading_time,mean_total_time,mean_summarization_time,mean_insert_time,mean_loading_time
1,3,57.3378210067749,57.075660705566406,0.2620046138763428,0.0001556873321533,19.1126070022583,19.0252202351888,0.0873348712921142,5.18957773844401e-05
2,3,33.81074357032776,33.63985228538513,0.1707551479339599,0.0001361370086669,11.27024785677592,11.213284095128378,0.0569183826446533,4.53790028889974e-05
3,3,41.544822216033936,41.2762131690979,0.2684285640716553,0.0001804828643798828,13.848274072011312,13.758737723032633,0.08947618802388509,6.016095479329427e-05
