num_jobs,device_map_strategy,summarization_time
4,GPU,14.75570821762085
8,GPU,16.97321605682373
12,GPU,22.878407955169678
