abstract_num,summarization_time,device_map_strategy
1,24.725679397583008,CPU only
2,29.650557041168213,CPU only
3,22.830663919448853,CPU only
1,26.499337911605835,multi-GPU
2,27.529268741607662,multi-GPU
3,17.031975507736206,multi-GPU
1,11.205511808395386,single GPU
2,12.878368139266968,single GPU
3,12.653927326202393,single GPU
