abstracts,batches,replicate,batch size,workers,jobs per GPU,quantization,summarization time (sec.),summarization rate (abstracts/sec.)
3,3,1,1,4,1,none,44.36151075363159,0.2705047640654942
3,3,2,1,4,1,none,44.56770062446594,0.2692532895316673
3,3,3,1,4,1,none,45.93997240066528,0.2612104311979565
3,3,4,1,4,1,none,47.88000559806824,0.2506265371131065
3,3,5,1,4,1,none,46.19119453430176,0.2597897742412518
6,3,1,2,4,1,none,56.46240496635437,0.4250615965490925
6,3,2,2,4,1,none,53.37936758995056,0.44961192092726
6,3,3,2,4,1,none,55.562623262405396,0.431945048502395
